<?xml version="1.0" encoding="UTF-8"?>
<beans xmlns="http://www.springframework.org/schema/beans"
	xmlns:xsi="http://www.w3.org/2001/XMLSchema-instance"
	xmlns:context="http://www.springframework.org/schema/context"
	xmlns:jdbc="http://www.springframework.org/schema/jdbc"
	xmlns:jee="http://www.springframework.org/schema/jee"
	xmlns:c="http://www.springframework.org/schema/c"
	xmlns:p="http://www.springframework.org/schema/p"
	xsi:schemaLocation="http://www.springframework.org/schema/jee http://www.springframework.org/schema/jee/spring-jee.xsd
		http://www.springframework.org/schema/jdbc http://www.springframework.org/schema/jdbc/spring-jdbc.xsd
		http://www.springframework.org/schema/beans http://www.springframework.org/schema/beans/spring-beans.xsd
		http://www.springframework.org/schema/context http://www.springframework.org/schema/context/spring-context.xsd"  >


	<context:annotation-config/>

	
	
	 
	
	
	
	
		
	<bean id="emailService" class="com.way2learnonline.service.EmailServiceImpl" />
	
	<bean id="bankService" class="com.way2learnonline.service.BankServiceImpl" />
	
	<beans profile="test">
		<bean id="stubAccountRepository" class="com.way2learnonline.repository.StubAccountRepository" />
		<bean id="stubTransactionRepository" class="com.way2learnonline.repository.StubTransactionRepository"/>
		<bean id="stubRewardRepository" class="com.way2learnonline.repository.StubRewardRepository" />
	</beans>
	
	
	<beans profile="default">
		<bean id="jdbcaccountRepository" class="com.way2learnonline.repository.JdbcAccountRepositoryImpl" c:dataSource-ref="dataSource" />
		
		<bean id="jdbctransactionRepository" class="com.way2learnonline.repository.JdbcTransactionRepositoryImpl" 	c:dataSource-ref="dataSource" />
			  
		<bean id="jdbcrewardRepository" class="com.way2learnonline.repository.JdbcRewardRepositoryImpl"  c:dataSource-ref="dataSource" />
	</beans>
		
</beans>
