<?xml version="1.0" encoding="UTF-8"?>
<beans xmlns="http://www.springframework.org/schema/beans"
	xmlns:xsi="http://www.w3.org/2001/XMLSchema-instance"
	xmlns:context="http://www.springframework.org/schema/context"
	xmlns:jdbc="http://www.springframework.org/schema/jdbc"
	xmlns:p="http://www.springframework.org/schema/p"
	xmlns:c="http://www.springframework.org/schema/c"
	xmlns:util="http://www.springframework.org/schema/util"
	xsi:schemaLocation="http://www.springframework.org/schema/jdbc http://www.springframework.org/schema/jdbc/spring-jdbc-4.1.xsd
		http://www.springframework.org/schema/beans http://www.springframework.org/schema/beans/spring-beans.xsd
		http://www.springframework.org/schema/util http://www.springframework.org/schema/util/spring-util-4.1.xsd
		http://www.springframework.org/schema/context http://www.springframework.org/schema/context/spring-context.xsd">


<!-- 	 <bean class="org.springframework.context.support.PropertySourcesPlaceholderConfigurer">
	 	<property name="location" value="db-test.properties" />
	 </bean>
	  -->
	 
	 <context:property-placeholder location="classpath:db.properties"/>
	 
	 
  <bean id="dataSource" class="org.apache.commons.dbcp.BasicDataSource" 
  	p:driverClassName="${db.driverclassname}" p:url="${db.url}"
  	p:username="${db.user}" p:password="${db.password}" />
  	
  	
		
	<jdbc:initialize-database data-source="dataSource">
		<jdbc:script location="classpath:dbscripts.sql"/>
	</jdbc:initialize-database>  
	

</beans>
