<?xml version="1.0" encoding="UTF-8"?>
<beans xmlns="http://www.springframework.org/schema/beans"
	xmlns:xsi="http://www.w3.org/2001/XMLSchema-instance"
	xmlns:context="http://www.springframework.org/schema/context"
	xmlns:jee="http://www.springframework.org/schema/jee"
	xmlns:aop="http://www.springframework.org/schema/aop"
	xsi:schemaLocation="http://www.springframework.org/schema/jee http://www.springframework.org/schema/jee/spring-jee-3.2.xsd
		http://www.springframework.org/schema/aop http://www.springframework.org/schema/aop/spring-aop-3.2.xsd
		http://www.springframework.org/schema/beans http://www.springframework.org/schema/beans/spring-beans.xsd
		http://www.springframework.org/schema/context http://www.springframework.org/schema/context/spring-context-3.2.xsd">
	<context:component-scan base-package="com.way2learnonline"/>
	
	
	<aop:config >	 	
	 <aop:pointcut expression="execution(* com.way2learnonline.dao.CustomerDaoImpl.*(..))"
				 id="mypointcut"/> 	 		 
				 
		<aop:aspect ref="cachingAspect">
			<aop:around method="doCaching" pointcut-ref="mypointcut"/>
			<aop:before method="doBefore" pointcut-ref="mypointcut" />
			<aop:after method="doAfter"   pointcut-ref="mypointcut"/>
		</aop:aspect>
	</aop:config>
	
	<bean id="cachingAspect" class="com.way2learnonline.aspects.CachingAspect" />
	
	<bean id="dataSource" class="org.apache.commons.dbcp.BasicDataSource">
		<property name="driverClassName"  value="com.mysql.jdbc.Driver"/>
		<property name="url" value="jdbc:mysql://localhost/springdb" />
		<property name="username" value="root" />
		<property name="password" value="root" />
		<property name="minIdle" value="2" />
		<property name="maxActive" value="5" />
	</bean>
	
	<bean id="jdbcTemplate" class="org.springframework.jdbc.core.JdbcTemplate">
		<property name="dataSource" ref="dataSource" />
	</bean>
	
</beans>
